format,write_seconds,size_gb
Parquet,0.03590224999788916,8.944887667894363e-05
CSV,0.048677124999812804,0.002595195546746254
Avro,0.36545570800080895,0.002872597426176071
